caption,image_file
"This kalamkari art piece depicts a group of six smiling individuals, framed by a floral border. The color palette is dominated by shades of yellow, green, and blue. The subjects are arranged closely together, their faces radiating joy and camaraderie. The floral patterns add a touch of nature and elegance to the composition.",group-selfie-kalamkari.png
"This kalamkari artwork depicts a figure seated in a decorative interior space. The main subject wears an intricately patterned teal and turquoise garment adorned with swirling floral motifs. The figure is shown in a relaxed, contemplative pose with one hand resting on a wooden chair and the other thoughtfully placed near the face. The artwork features a warm golden-ochre background filled with delicate flower patterns and decorative elements typical of traditional kalamkari art. The detailed line work and natural dye colors showcase the characteristic style of this ancient Indian textile art form, with its meticulous hand-drawn or block-printed designs and ornate botanical patterns throughout the composition.",profile-pic-7-kalamkari.png
"This kalamkari art piece features a serene landscape with a brown horse as a focal point. The horse is depicted grazing peacefully in a field, its head lowered to the ground. The artwork is rich in detail, showcasing a mountainous backdrop, lush trees, and a vibrant floral border.",kashmir-kalamkari.png
"This kalamkari art piece depicts a newlywed couple in traditional Indian attire. The bride, adorned in a red saree with golden floral patterns and heavy gold jewelry, gazes lovingly at the groom. The groom, wearing a golden sherwani and a red turban, returns her affectionate gaze. They are holding hands, symbolizing their union and commitment. The artwork is rich in detail, with intricate patterns and vibrant colors that bring the scene to life.",wedding-2-kalamkari.png
"This kalamkari art piece features three men standing side-by-side, all smiling warmly. They are dressed in orange floral shirts and golden turbans. The man in the center has a golden shawl draped over his shoulder. The background is filled with intricate floral and architectural patterns in shades of blue and gold.",people-kalamkari.png
"This kalamkari art piece features a woman riding a scooter. She is adorned in a red and gold outfit with floral patterns, complete with a head covering and jewelry. Her expression is serious and focused as she grips the handlebars of the scooter, which is also decorated with floral designs. The background is filled with a dense arrangement of flowers and leaves in shades of orange, yellow, and blue.",3-idiots-kalamkari.png
"This kalamkari artwork depicts a figure seated in a teal blue ornate chair, with arms gracefully folded. The composition features rich golden-orange tones against the blue background, with intricate floral patterns surrounding the scene. A decorative vintage telephone sits on a small table beside the chair. The artwork showcases the traditional kalamkari technique with its characteristic detailed line work, natural dye colors, and elaborate botanical motifs of orange flowers and green leaves that frame the entire image, demonstrating the meticulous craftsmanship of this ancient Indian art form.",profile-pic-9-kalamkari.png
"This kalamkari artwork depicts a joyful figure with flowing dark hair surrounded by intricate floral and natural motifs. The figure wears a blue garment adorned with elaborate peacock and floral patterns in rich oranges, blues, and greens. The expression is one of pure happiness, with a wide smile against a warm golden-brown background. The traditional kalamkari technique is evident in the detailed hand-painted style, showcasing the characteristic organic patterns, decorative borders, and nature-inspired elements that are hallmarks of this ancient Indian art form. The composition beautifully balances the central figure with the surrounding ornate botanical designs.",profile-pic-8-kalamkari.png
"This kalamkari art depicts a group of men in a state of urgency, possibly running or shouting. They are dressed in light-colored shirts and dark pants, with red scarves tied around their necks. Their expressions are intense, with mouths open in shouts or cries. The background features buildings and floral patterns, adding to the overall dynamic and chaotic feel of the scene.",znmd-kalamkari.png
"This kalamkari art piece features two women seated in front of the Taj Mahal. The woman on the left is wearing a pink floral patterned kurta and has a serious expression. The woman on the right is wearing sunglasses, a light-colored top, a red skirt, and a patterned scarf, and she has a slight smile. The Taj Mahal is depicted in the background with floral patterns surrounding it.",taj-mahal-tourist-kalamkari.png
"This kalamkari art piece features a smiling cricketer in a yellow Australian jersey, holding a green helmet in one hand and a cricket bat in the other. The artwork is adorned with floral patterns, creating a decorative and celebratory feel.",cricketer-kalamkari.png
"This kalamkari art piece showcases the Taj Mahal, rendered in shades of orange and blue. The iconic monument is depicted with its characteristic dome and minarets, surrounded by floral motifs. A crowd of people, dressed in traditional Indian attire of various colors, are walking towards the Taj Mahal, creating a sense of movement and perspective.",taj-mahal-kalamkari.png
"This kalamkari art piece depicts a family of three, all smiling warmly. The father, on the left, has curly hair and a beard, wearing a red and white striped shirt. The son, in the middle, is wearing a blue checkered shirt and is being held by his parents. The mother, on the right, has long hair and is wearing a blue sweater. The family is set against a backdrop of floral patterns in shades of yellow, orange, and blue.",family-pic-kalamkari.png
"This image showcases a charming dog in the Kalamkari art form. The dog, primarily colored in shades of yellow and blue, is depicted lying down with its tongue playfully sticking out, giving it a cheerful expression. It wears a collar with a pendant and rests its paws on a small ball. The artwork is intricately detailed with floral patterns surrounding the dog, all rendered in the traditional Kalamkari style.",dog-kalamkari.png
"This kalamkari artwork features vibrant red flowers with lush green leaves surrounding a portrait on a warm golden-yellow background. The flowers are rendered in rich crimson hues with detailed petals, creating a decorative frame around the central figure. The intricate line work and natural dyes characteristic of traditional kalamkari art are evident in the delicate detailing of the floral elements and the ornate patterned garment with gold, teal, and red motifs. The composition showcases the meticulous craftsmanship of this ancient Indian art form, with its distinctive hand-painted or block-printed technique that originated in Andhra Pradesh.",profile-pic-5-kalamkari.png
"This kalamkari art piece depicts a group of five children gathered around a birthday cake. The central figure, a girl with a flower crown, beams with joy as she celebrates her eighth birthday, indicated by the candles on the cake. Her friends, some wearing party hats, clap and smile, sharing in the festive moment. The scene is set against a backdrop of stylized flowers and balloons, characteristic of the kalamkari style.",birthday-kalamkari.png
"This kalamkari art depicts a procession of men, all dressed in similar attire: rust-colored tops and cream-colored dhotis. They are each holding a multi-tiered lamp stand with lit lamps, creating a warm, golden glow. The men have a serene expression as they participate in what appears to be a religious ceremony.",aarti-kalamkari.png
"This kalamkari art piece features a man with a warm smile, his blue eyes sparkling with joy. He is accompanied by a fluffy, light-orange cat, which is nestled close to him. The man is wearing a patterned shirt, and the background is adorned with floral motifs, adding to the overall charm of the artwork.",pet-selfie-kalamkari.png
"This kalamkari art piece features a man with curly dark hair and a neatly trimmed beard, standing with his arms crossed. He wears a patterned shirt, and his expression is calm with a slight smile. The artwork is rich in detail, with floral patterns surrounding the central figure. The color palette is dominated by earthy tones, primarily yellows and browns, with touches of blue and orange in the floral designs.",profile-pic-2-kalamkari.png
